"ID","TREATMENT_ID","KEY","VALUE"
158,19,GenericNamePattern,citalopram
159,19,FormulationPattern,
160,19,AltNamePattern,
161,19,DisplayName,citalopram
162,19,GuidelineChartName,citalopram
163,19,LabNamePattern,
164,19,StartDose,"20"
165,19,DailyLowDose,"20"
166,19,DailyHighDose,"40"
167,19,MaxDose,"40"
168,19,Unit,mg
169,19,ResponseTime,"42"
170,19,DrugFunction,antidepressant
171,19,DurationOfAction,"1"
172,19,AMTGracePeriod,"7"
173,19,AdministrationMechanism,oral
174,19,AMTPercentResponseTime,"50"
175,19,AMTPercentDoseRange,"50"
176,20,GenericNamePattern,escitalopram
177,20,FormulationPattern,
178,20,AltNamePattern,
179,20,DisplayName,escitalopram
180,20,GuidelineChartName,escitalopram
181,20,LabNamePattern,
182,20,StartDose,"10"
183,20,DailyLowDose,"10"
184,20,DailyHighDose,"20"
185,20,MaxDose,"20"
186,20,Unit,mg
187,20,ResponseTime,"42"
188,20,DrugFunction,antidepressant
189,20,DurationOfAction,"1"
190,20,AMTGracePeriod,"7"
191,20,AdministrationMechanism,oral
192,20,AMTPercentResponseTime,"50"
193,20,AMTPercentDoseRange,"50"
194,21,GenericNamePattern,fluoxetine
195,21,FormulationPattern,
196,21,AltNamePattern,
197,21,DisplayName,fluoxetine
198,21,GuidelineChartName,fluoxetine
199,21,LabNamePattern,
200,21,StartDose,"20"
201,21,DailyLowDose,"20"
202,21,DailyHighDose,"60"
203,21,MaxDose,"80"
204,21,Unit,mg
205,21,ResponseTime,"42"
206,21,DrugFunction,antidepressant
207,21,DurationOfAction,"1"
208,21,AMTGracePeriod,"7"
209,21,AdministrationMechanism,oral
210,21,AMTPercentResponseTime,"50"
211,21,AMTPercentDoseRange,"50"
212,80,GenericNamePattern,fluoxetine
213,80,FormulationPattern,.*elease.*
214,80,AltNamePattern,
215,80,DisplayName,fluoxetine (Del Rel EC-LA)
216,80,GuidelineChartName,fluoxetine
217,80,LabNamePattern,
218,80,LongActingFlag,"1"
219,80,LongActingFrequency,"7"
220,80,StartDose,"90"
221,80,MaxDose,"90"
222,80,Unit,mg
223,80,ResponseTime,"42"
224,80,DrugFunction,antidepressant
225,80,DurationOfAction,"7"
226,80,AMTGracePeriod,"7"
227,80,AdministrationMechanism,oral
228,80,AMTPercentResponseTime,"50"
229,80,AMTPercentDoseRange,"50"
230,22,GenericNamePattern,fluvoxamine
231,22,FormulationPattern,
232,22,AltNamePattern,
233,22,DisplayName,fluvoxamine
234,22,GuidelineChartName,fluvoxamine
235,22,LabNamePattern,
236,22,StartDose,"50"
237,22,DailyLowDose,"100"
238,22,DailyHighDose,"300"
239,22,MaxDose,"300"
240,22,Unit,mg
241,22,ResponseTime,"42"
242,22,DrugFunction,antidepressant
243,22,DurationOfAction,"1"
244,22,AMTGracePeriod,"7"
245,22,AdministrationMechanism,oral
246,22,AMTPercentResponseTime,"50"
247,22,AMTPercentDoseRange,"50"
248,81,GenericNamePattern,fluvoxamine
249,81,FormulationPattern,.*elease.*
250,81,AltNamePattern,
251,81,DisplayName,fluvoxamine (Ext Rel24)
252,81,GuidelineChartName,fluvoxamine
253,81,LabNamePattern,
254,81,StartDose,"100"
255,81,DailyLowDose,"100"
256,81,DailyHighDose,"300"
257,81,MaxDose,"300"
258,81,Unit,mg
259,81,ResponseTime,"42"
260,81,DrugFunction,antidepressant
261,81,DurationOfAction,"1"
262,81,AMTGracePeriod,"7"
263,81,AdministrationMechanism,oral
264,81,AMTPercentResponseTime,"50"
265,81,AMTPercentDoseRange,"50"
266,23,GenericNamePattern,paroxetine hcl
267,23,FormulationPattern,
268,23,AltNamePattern,
269,23,DisplayName,paroxetine hcl
270,23,GuidelineChartName,paroxetine
271,23,LabNamePattern,
272,23,StartDose,"20"
273,23,DailyLowDose,"20"
274,23,DailyHighDose,"50"
275,23,MaxDose,"50"
276,23,Unit,mg
277,23,ResponseTime,"42"
278,23,DrugFunction,antidepressant
279,23,DurationOfAction,"1"
280,23,AMTGracePeriod,"7"
281,23,AdministrationMechanism,oral
282,23,AMTPercentResponseTime,"50"
283,23,AMTPercentDoseRange,"50"
284,71,GenericNamePattern,paroxetine hcl
285,71,FormulationPattern,.*elease.*
286,71,AltNamePattern,
287,71,DisplayName,paroxetine hcl (Ext Rel24)
288,71,GuidelineChartName,paroxetine
289,71,LabNamePattern,
290,71,StartDose,"25"
291,71,DailyLowDose,"25"
292,71,DailyHighDose,"62.5"
293,71,MaxDose,"62.5"
294,71,Unit,mg
295,71,ResponseTime,"42"
296,71,DrugFunction,antidepressant
297,71,DurationOfAction,"1"
298,71,AMTGracePeriod,"7"
299,71,AdministrationMechanism,oral
300,71,AMTPercentResponseTime,"50"
301,71,AMTPercentDoseRange,"50"
302,83,GenericNamePattern,paroxetine mesylate
303,83,FormulationPattern,
304,83,AltNamePattern,
305,83,DisplayName,paroxetine mesylate
306,83,GuidelineChartName,paroxetine
307,83,LabNamePattern,
308,83,StartDose,"20"
309,83,DailyLowDose,"20"
310,83,DailyHighDose,"50"
311,83,MaxDose,"50"
312,83,Unit,mg
313,83,ResponseTime,"42"
314,83,DrugFunction,antidepressant
315,83,DurationOfAction,"1"
316,83,AMTGracePeriod,"7"
317,83,AdministrationMechanism,oral
318,83,AMTPercentResponseTime,"50"
319,83,AMTPercentDoseRange,"50"
320,24,GenericNamePattern,sertraline
321,24,FormulationPattern,
322,24,AltNamePattern,
323,24,DisplayName,sertraline
324,24,GuidelineChartName,sertraline
325,24,LabNamePattern,
326,24,StartDose,"50"
327,24,DailyLowDose,"50"
328,24,DailyHighDose,"200"
329,24,MaxDose,"200"
330,24,Unit,mg
331,24,ResponseTime,"42"
332,24,DrugFunction,antidepressant
333,24,DurationOfAction,"1"
334,24,AMTGracePeriod,"7"
335,24,AdministrationMechanism,oral
336,24,AMTPercentResponseTime,"50"
337,24,AMTPercentDoseRange,"50"
338,26,GenericNamePattern,venlafaxine
339,26,FormulationPattern,
340,26,AltNamePattern,
341,26,DisplayName,venlafaxine
342,26,GuidelineChartName,venlafaxine
343,26,LabNamePattern,
344,26,StartDose,"75"
345,26,DailyLowDose,"75"
346,26,DailyHighDose,"350"
347,26,MaxDose,"375"
348,26,Unit,mg
349,26,ResponseTime,"42"
350,26,DrugFunction,antidepressant
351,26,DurationOfAction,"1"
352,26,AMTGracePeriod,"7"
353,26,AdministrationMechanism,oral
354,26,AMTPercentResponseTime,"50"
355,26,AMTPercentDoseRange,"50"
356,84,GenericNamePattern,venlafaxine
357,84,FormulationPattern,.*elease.*
358,84,AltNamePattern,
359,84,DisplayName,venlafaxine (Ext Rel24)
360,84,GuidelineChartName,venlafaxine
361,84,LabNamePattern,
362,84,StartDose,"37.5"
363,84,DailyLowDose,"37.5"
364,84,DailyHighDose,"225"
365,84,MaxDose,"225"
366,84,Unit,mg
367,84,ResponseTime,"42"
368,84,DrugFunction,antidepressant
369,84,DurationOfAction,"1"
370,84,AMTGracePeriod,"7"
371,84,AdministrationMechanism,oral
372,84,AMTPercentResponseTime,"50"
373,84,AMTPercentDoseRange,"50"
374,18,GenericNamePattern,desvenlafaxine
375,18,FormulationPattern,
376,18,AltNamePattern,
377,18,DisplayName,desvenlafaxine (Ext Rel24)
378,18,GuidelineChartName,desvenlafaxine
379,18,LabNamePattern,
380,18,StartDose,"50"
381,18,DailyLowDose,"50"
382,18,DailyHighDose,"50"
383,18,MaxDose,"50"
384,18,Unit,mg
385,18,ResponseTime,"42"
386,18,DrugFunction,antidepressant
387,18,DurationOfAction,"1"
388,18,AMTGracePeriod,"7"
389,18,AdministrationMechanism,oral
390,18,AMTPercentResponseTime,"50"
391,18,AMTPercentDoseRange,"50"
392,25,GenericNamePattern,duloxetine
393,25,FormulationPattern,
394,25,AltNamePattern,
395,25,DisplayName,duloxetine (Del Rel EC)
396,25,GuidelineChartName,duloxetine
397,25,LabNamePattern,
398,25,StartDose,"40"
399,25,DailyLowDose,"60"
400,25,DailyHighDose,"120"
401,25,MaxDose,"60"
402,25,Unit,mg
403,25,ResponseTime,"42"
404,25,DrugFunction,antidepressant
405,25,DurationOfAction,"1"
406,25,AMTGracePeriod,"7"
407,25,AdministrationMechanism,oral
408,25,AMTPercentResponseTime,"50"
409,25,AMTPercentDoseRange,"50"
410,50,GenericNamePattern,bupropion hcl
411,50,FormulationPattern,
412,50,AltNamePattern,
413,50,DisplayName,bupropion hcl
414,50,GuidelineChartName,bupropion
415,50,LabNamePattern,
416,50,StartDose,"200"
417,50,DailyLowDose,"200"
418,50,DailyHighDose,"300"
419,50,MaxDose,"450"
420,50,Unit,mg
421,50,ResponseTime,"42"
422,50,DrugFunction,antidepressant
423,50,DurationOfAction,"1"
424,50,AMTGracePeriod,"7"
425,50,AdministrationMechanism,oral
426,50,AMTPercentResponseTime,"50"
427,50,AMTPercentDoseRange,"50"
428,85,GenericNamePattern,bupropion hbr
429,85,FormulationPattern,
430,85,AltNamePattern,
431,85,DisplayName,bupropion hbr (Ext Rel24)
432,85,GuidelineChartName,bupropion
433,85,LabNamePattern,
434,85,StartDose,"174"
435,85,DailyLowDose,"174"
436,85,DailyHighDose,"348"
437,85,MaxDose,"522"
438,85,Unit,mg
439,85,ResponseTime,"42"
440,85,DrugFunction,antidepressant
441,85,DurationOfAction,"1"
442,85,AMTGracePeriod,"7"
443,85,AdministrationMechanism,oral
444,85,AMTPercentResponseTime,"50"
445,85,AMTPercentDoseRange,"50"
446,86,GenericNamePattern,bupropion hcl
447,86,FormulationPattern,.*elease.*
448,86,AltNamePattern,
449,86,DisplayName,bupropion hcl (Ex Rel)
450,86,GuidelineChartName,bupropion
451,86,LabNamePattern,
452,86,StartDose,"150"
453,86,DailyLowDose,"150"
454,86,DailyHighDose,"300"
455,86,MaxDose,"400"
456,86,Unit,mg
457,86,ResponseTime,"42"
458,86,DrugFunction,antidepressant
459,86,DurationOfAction,"1"
460,86,AMTGracePeriod,"7"
461,86,AdministrationMechanism,oral
462,86,AMTPercentResponseTime,"50"
463,86,AMTPercentDoseRange,"50"
464,87,GenericNamePattern,bupropion hcl
465,87,FormulationPattern,.*elease.*24.*
466,87,AltNamePattern,
467,87,DisplayName,bupropion hcl (Ex Rel24)
468,87,GuidelineChartName,bupropion
469,87,LabNamePattern,
470,87,StartDose,"150"
471,87,DailyLowDose,"150"
472,87,DailyHighDose,"300"
473,87,MaxDose,"400"
474,87,Unit,mg
475,87,ResponseTime,"42"
476,87,DrugFunction,antidepressant
477,87,DurationOfAction,"1"
478,87,AMTGracePeriod,"7"
479,87,AdministrationMechanism,oral
480,87,AMTPercentResponseTime,"50"
481,87,AMTPercentDoseRange,"50"
482,51,GenericNamePattern,mirtazapine
483,51,FormulationPattern,
484,51,AltNamePattern,
485,51,DisplayName,mirtazapine
486,51,GuidelineChartName,mirtazapine
487,51,LabNamePattern,
488,51,StartDose,"15"
489,51,DailyLowDose,"15"
490,51,DailyHighDose,"45"
491,51,MaxDose,"45"
492,51,Unit,mg
493,51,ResponseTime,"42"
494,51,DrugFunction,antidepressant
495,51,DurationOfAction,"1"
496,51,AMTGracePeriod,"7"
497,51,AdministrationMechanism,oral
498,51,AMTPercentResponseTime,"50"
499,51,AMTPercentDoseRange,"50"
500,88,GenericNamePattern,mirtazapine
501,88,FormulationPattern,.*rapid.*
502,88,AltNamePattern,
503,88,DisplayName,mirtazapine (Rap Dis)
504,88,GuidelineChartName,mirtazapine
505,88,LabNamePattern,
506,88,StartDose,"15"
507,88,DailyLowDose,"15"
508,88,DailyHighDose,"45"
509,88,MaxDose,"45"
510,88,Unit,mg
511,88,ResponseTime,"42"
512,88,DrugFunction,antidepressant
513,88,DurationOfAction,"1"
514,88,AMTGracePeriod,"7"
515,88,AdministrationMechanism,oral
516,88,AMTPercentResponseTime,"50"
517,88,AMTPercentDoseRange,"50"
518,47,GenericNamePattern,phenelzine
519,47,FormulationPattern,
520,47,AltNamePattern,
521,47,DisplayName,phenelzine
522,47,GuidelineChartName,phenelzine
523,47,LabNamePattern,
524,47,StartDose,"45"
525,47,DailyLowDose,"45"
526,47,DailyHighDose,"60"
527,47,MaxDose,"90"
528,47,Unit,mg
529,47,ResponseTime,"42"
530,47,DrugFunction,antidepressant
531,47,DurationOfAction,"1"
532,47,AMTGracePeriod,"7"
533,47,AdministrationMechanism,oral
534,47,AMTPercentResponseTime,"50"
535,47,AMTPercentDoseRange,"50"
536,48,GenericNamePattern,tranylcypromine
537,48,FormulationPattern,
538,48,AltNamePattern,
539,48,DisplayName,tranylcypromine
540,48,GuidelineChartName,tranylcypromine
541,48,LabNamePattern,
542,48,StartDose,"30"
543,48,DailyLowDose,"30"
544,48,DailyHighDose,"60"
545,48,MaxDose,"60"
546,48,Unit,mg
547,48,ResponseTime,"42"
548,48,DrugFunction,antidepressant
549,48,DurationOfAction,"1"
550,48,AMTGracePeriod,"7"
551,48,AdministrationMechanism,oral
552,48,AMTPercentResponseTime,"50"
553,48,AMTPercentDoseRange,"50"
554,61,GenericNamePattern,isocarboxazid
555,61,FormulationPattern,
556,61,AltNamePattern,
557,61,DisplayName,isocarboxazid
558,61,GuidelineChartName,isocarboxazid
559,61,LabNamePattern,
560,61,StartDose,"20"
561,61,DailyLowDose,"20"
562,61,DailyHighDose,"40"
563,61,MaxDose,"60"
564,61,Unit,mg
565,61,ResponseTime,"42"
566,61,DrugFunction,antidepressant
567,61,DurationOfAction,"1"
568,61,AMTGracePeriod,"7"
569,61,AdministrationMechanism,oral
570,61,AMTPercentResponseTime,"50"
571,61,AMTPercentDoseRange,"50"
572,49,GenericNamePattern,selegiline
573,49,FormulationPattern,
574,49,AltNamePattern,
575,49,DisplayName,selegiline (Patch24)
576,49,GuidelineChartName,selegiline
577,49,LabNamePattern,
578,49,StartDose,"6"
579,49,DailyLowDose,"6"
580,49,DailyHighDose,"12"
581,49,MaxDose,"12"
582,49,Unit,mg
583,49,ResponseTime,"42"
584,49,DrugFunction,antidepressant
585,49,DurationOfAction,"1"
586,49,AMTGracePeriod,"7"
587,49,AdministrationMechanism,oral
588,49,AMTPercentResponseTime,"50"
589,49,AMTPercentDoseRange,"50"
590,62,GenericNamePattern,moclobemide
591,62,FormulationPattern,
592,62,AltNamePattern,
593,62,DisplayName,moclobemide
594,62,GuidelineChartName,moclobemide
595,62,LabNamePattern,
596,62,StartDose,"150"
597,62,DailyLowDose,"300"
598,62,DailyHighDose,"600"
599,62,MaxDose,"600"
600,62,Unit,mg
601,62,ResponseTime,"42"
602,62,DrugFunction,antidepressant
603,62,DurationOfAction,"1"
604,62,AMTGracePeriod,"7"
605,62,AdministrationMechanism,oral
606,62,AMTPercentResponseTime,"50"
607,62,AMTPercentDoseRange,"50"
608,42,GenericNamePattern,amitriptyline
609,42,FormulationPattern,
610,42,AltNamePattern,
611,42,DisplayName,amitriptyline
612,42,GuidelineChartName,amitriptyline
613,42,LabNamePattern,
614,42,StartDose,"75"
615,42,DailyLowDose,"75"
616,42,DailyHighDose,"150"
617,42,MaxDose,"200"
618,42,Unit,mg
619,42,ResponseTime,"42"
620,42,DrugFunction,antidepressant
621,42,DurationOfAction,"1"
622,42,AMTGracePeriod,"7"
623,42,AdministrationMechanism,oral
624,42,AMTPercentResponseTime,"50"
625,42,AMTPercentDoseRange,"50"
626,43,GenericNamePattern,desipramine
627,43,FormulationPattern,
628,43,AltNamePattern,
629,43,DisplayName,desipramine
630,43,GuidelineChartName,desipramine
631,43,LabNamePattern,
632,43,StartDose,"100"
633,43,DailyLowDose,"100"
634,43,DailyHighDose,"200"
635,43,MaxDose,"200"
636,43,Unit,mg
637,43,ResponseTime,"42"
638,43,DrugFunction,antidepressant
639,43,DurationOfAction,"1"
640,43,AMTGracePeriod,"7"
641,43,AdministrationMechanism,oral
642,43,AMTPercentResponseTime,"50"
643,43,AMTPercentDoseRange,"50"
644,44,GenericNamePattern,doxepin
645,44,FormulationPattern,
646,44,AltNamePattern,
647,44,DisplayName,doxepin
648,44,GuidelineChartName,doxepin
649,44,LabNamePattern,
650,44,StartDose,"75"
651,44,DailyLowDose,"75"
652,44,DailyHighDose,"150"
653,44,MaxDose,"200"
654,44,Unit,mg
655,44,ResponseTime,"42"
656,44,DrugFunction,antidepressant
657,44,DurationOfAction,"1"
658,44,AMTGracePeriod,"7"
659,44,AdministrationMechanism,oral
660,44,AMTPercentResponseTime,"50"
661,44,AMTPercentDoseRange,"50"
662,45,GenericNamePattern,imipramine hcl
663,45,FormulationPattern,
664,45,AltNamePattern,
665,45,DisplayName,imipramine hcl
666,45,GuidelineChartName,imipramine
667,45,LabNamePattern,
668,45,StartDose,"100"
669,45,DailyLowDose,"100"
670,45,DailyHighDose,"300"
671,45,MaxDose,"300"
672,45,Unit,mg
673,45,ResponseTime,"42"
674,45,DrugFunction,antidepressant
675,45,DurationOfAction,"1"
676,45,AMTGracePeriod,"7"
677,45,AdministrationMechanism,oral
678,45,AMTPercentResponseTime,"50"
679,45,AMTPercentDoseRange,"50"
680,89,GenericNamePattern,imipramine pamoate
681,89,FormulationPattern,
682,89,AltNamePattern,
683,89,DisplayName,imipramine pamoate
684,89,GuidelineChartName,imipramine
685,89,LabNamePattern,
686,89,StartDose,"75"
687,89,DailyLowDose,"75"
688,89,DailyHighDose,"150"
689,89,MaxDose,"200"
690,89,Unit,mg
691,89,ResponseTime,"42"
692,89,DrugFunction,antidepressant
693,89,DurationOfAction,"1"
694,89,AMTGracePeriod,"7"
695,89,AdministrationMechanism,oral
696,89,AMTPercentResponseTime,"50"
697,89,AMTPercentDoseRange,"50"
698,46,GenericNamePattern,nortriptyline
699,46,FormulationPattern,
700,46,AltNamePattern,
701,46,DisplayName,nortriptyline
702,46,GuidelineChartName,nortriptyline
703,46,LabNamePattern,
704,46,StartDose,"25"
705,46,DailyLowDose,"50"
706,46,DailyHighDose,"200"
707,46,MaxDose,"200"
708,46,Unit,mg
709,46,ResponseTime,"42"
710,46,DrugFunction,antidepressant
711,46,DurationOfAction,"1"
712,46,AMTGracePeriod,"7"
713,46,AdministrationMechanism,oral
714,46,AMTPercentResponseTime,"50"
715,46,AMTPercentDoseRange,"50"
716,63,GenericNamePattern,trimipramine
717,63,FormulationPattern,
718,63,AltNamePattern,
719,63,DisplayName,trimipramine
720,63,GuidelineChartName,trimipramine
721,63,LabNamePattern,
722,63,StartDose,"75"
723,63,DailyLowDose,"75"
724,63,DailyHighDose,"150"
725,63,MaxDose,"200"
726,63,Unit,mg
727,63,ResponseTime,"42"
728,63,DrugFunction,antidepressant
729,63,DurationOfAction,"1"
730,63,AMTGracePeriod,"7"
731,63,AdministrationMechanism,oral
732,63,AMTPercentResponseTime,"50"
733,63,AMTPercentDoseRange,"50"
734,64,GenericNamePattern,protriptyline
735,64,FormulationPattern,
736,64,AltNamePattern,
737,64,DisplayName,protriptyline
738,64,GuidelineChartName,protriptyline
739,64,LabNamePattern,
740,64,StartDose,"15"
741,64,DailyLowDose,"15"
742,64,DailyHighDose,"40"
743,64,MaxDose,"60"
744,64,Unit,mg
745,64,ResponseTime,"42"
746,64,DrugFunction,antidepressant
747,64,DurationOfAction,"1"
748,64,AMTGracePeriod,"7"
749,64,AdministrationMechanism,oral
750,64,AMTPercentResponseTime,"50"
751,64,AMTPercentDoseRange,"50"
752,65,GenericNamePattern,maprotiline
753,65,FormulationPattern,
754,65,AltNamePattern,
755,65,DisplayName,maprotiline
756,65,GuidelineChartName,maprotiline
757,65,LabNamePattern,
758,65,StartDose,"75"
759,65,DailyLowDose,"75"
760,65,DailyHighDose,"150"
761,65,MaxDose,"225"
762,65,Unit,mg
763,65,ResponseTime,"42"
764,65,DrugFunction,antidepressant
765,65,DurationOfAction,"1"
766,65,AMTGracePeriod,"7"
767,65,AdministrationMechanism,oral
768,65,AMTPercentResponseTime,"50"
769,65,AMTPercentDoseRange,"50"
770,37,GenericNamePattern,aripiprazole
771,37,FormulationPattern,
772,37,AltNamePattern,
773,37,DisplayName,aripiprazole
774,37,GuidelineChartName,aripiprazole
775,37,LabNamePattern,
776,37,StartDose,"10"
777,37,DailyLowDose,"10"
778,37,DailyHighDose,"15"
779,37,MDDStartDose,"10"
780,37,MDDDailyLowDose,"10"
781,37,MDDDailyHighDose,"15"
782,37,MaxDose,"30"
783,37,Unit,mg
784,37,ResponseTime,"28"
785,37,DrugFunction,antipsychotic
786,37,DurationOfAction,"1"
787,37,AMTGracePeriod,"7"
788,37,AdministrationMechanism,oral
789,37,AMTPercentResponseTime,"50"
790,37,AMTPercentDoseRange,"50"
791,90,GenericNamePattern,aripiprazole
792,90,FormulationPattern,.*rapid.*
793,90,AltNamePattern,
794,90,DisplayName,aripiprazole (Rap Dis)
795,90,GuidelineChartName,aripiprazole
796,90,LabNamePattern,
797,90,StartDose,"10"
798,90,DailyLowDose,"10"
799,90,DailyHighDose,"15"
800,90,MDDStartDose,"10"
801,90,MDDDailyLowDose,"10"
802,90,MDDDailyHighDose,"15"
803,90,MaxDose,"30"
804,90,Unit,mg
805,90,ResponseTime,"28"
806,90,DrugFunction,antipsychotic
807,90,DurationOfAction,"1"
808,90,AMTGracePeriod,"7"
809,90,AdministrationMechanism,oral
810,90,AMTPercentResponseTime,"50"
811,90,AMTPercentDoseRange,"50"
812,38,GenericNamePattern,olanzapine
813,38,FormulationPattern,
814,38,AltNamePattern,
815,38,DisplayName,olanzapine
816,38,GuidelineChartName,olanzapine
817,38,LabNamePattern,
818,38,StartDose,"5"
819,38,DailyLowDose,"10"
820,38,DailyHighDose,"15"
821,38,MaxDose,"20"
822,38,Unit,mg
823,38,ResponseTime,"28"
824,38,DrugFunction,antipsychotic
825,38,DurationOfAction,"1"
826,38,AMTGracePeriod,"7"
827,38,AdministrationMechanism,oral
828,38,AMTPercentResponseTime,"50"
829,38,AMTPercentDoseRange,"50"
830,91,GenericNamePattern,olanzapine
831,91,FormulationPattern,.*rapid.*
832,91,AltNamePattern,
833,91,DisplayName,olanzapine (Rap Dis)
834,91,GuidelineChartName,olanzapine
835,91,LabNamePattern,
836,91,StartDose,"5"
837,91,DailyLowDose,"10"
838,91,DailyHighDose,"15"
839,91,MaxDose,"20"
840,91,Unit,mg
841,91,ResponseTime,"28"
842,91,DrugFunction,antipsychotic
843,91,DurationOfAction,"1"
844,91,AMTGracePeriod,"7"
845,91,AdministrationMechanism,oral
846,91,AMTPercentResponseTime,"50"
847,91,AMTPercentDoseRange,"50"
848,92,GenericNamePattern,olanzapine
849,92,FormulationPattern,.*suspension.*
850,92,AltNamePattern,
851,92,DisplayName,olanzapine (Susp)
852,92,GuidelineChartName,olanzapine
853,92,LabNamePattern,
854,92,StartDose,"5"
855,92,DailyLowDose,"10"
856,92,DailyHighDose,"15"
857,92,MaxDose,"20"
858,92,Unit,mg
859,92,ResponseTime,"28"
860,92,DrugFunction,antipsychotic
861,92,DurationOfAction,"1"
862,92,AMTGracePeriod,"7"
863,92,AdministrationMechanism,oral
864,92,AMTPercentResponseTime,"50"
865,92,AMTPercentDoseRange,"50"
866,39,GenericNamePattern,quetiapine
867,39,FormulationPattern,
868,39,AltNamePattern,
869,39,DisplayName,quetiapine
870,39,GuidelineChartName,quetiapine
871,39,LabNamePattern,
872,39,StartDose,"25"
873,39,DailyLowDose,"150"
874,39,DailyHighDose,"750"
875,39,MaxDose,"800"
876,39,Unit,mg
877,39,ResponseTime,"28"
878,39,DrugFunction,antipsychotic
879,39,DurationOfAction,"1"
880,39,AMTGracePeriod,"7"
881,39,AdministrationMechanism,oral
882,39,AMTPercentResponseTime,"50"
883,39,AMTPercentDoseRange,"50"
884,93,GenericNamePattern,quetiapine
885,93,FormulationPattern,.*release.*
886,93,AltNamePattern,
887,93,DisplayName,quetiapine (Ext Rel24)
888,93,GuidelineChartName,quetiapine
889,93,LabNamePattern,
890,93,StartDose,"300"
891,93,DailyLowDose,"400"
892,93,DailyHighDose,"800"
893,93,MaxDose,"800"
894,93,Unit,mg
895,93,ResponseTime,"28"
896,93,DrugFunction,antipsychotic
897,93,DurationOfAction,"1"
898,93,AMTGracePeriod,"7"
899,93,AdministrationMechanism,oral
900,93,AMTPercentResponseTime,"50"
901,93,AMTPercentDoseRange,"50"
902,40,GenericNamePattern,risperidone
903,40,FormulationPattern,
904,40,AltNamePattern,
905,40,DisplayName,risperidone
906,40,GuidelineChartName,risperidone
907,40,LabNamePattern,
908,40,StartDose,"2"
909,40,DailyLowDose,"4"
910,40,DailyHighDose,"8"
911,40,MaxDose,"16"
912,40,Unit,mg
913,40,ResponseTime,"28"
914,40,DrugFunction,antipsychotic
915,40,DurationOfAction,"1"
916,40,AMTGracePeriod,"7"
917,40,AdministrationMechanism,oral
918,40,AMTPercentResponseTime,"50"
919,40,AMTPercentDoseRange,"50"
920,94,GenericNamePattern,risperidone
921,94,FormulationPattern,.*rapid.*
922,94,AltNamePattern,
923,94,DisplayName,risperidone (Rap Dis)
924,94,GuidelineChartName,risperidone
925,94,LabNamePattern,
926,94,StartDose,"2"
927,94,DailyLowDose,"4"
928,94,DailyHighDose,"8"
929,94,MaxDose,"16"
930,94,Unit,mg
931,94,ResponseTime,"28"
932,94,DrugFunction,antipsychotic
933,94,DurationOfAction,"1"
934,94,AMTGracePeriod,"7"
935,94,AdministrationMechanism,oral
936,94,AMTPercentResponseTime,"50"
937,94,AMTPercentDoseRange,"50"
938,95,GenericNamePattern,risperidone microspheres
939,95,FormulationPattern,
940,95,AltNamePattern,
941,95,DisplayName,risperidone microspheres (IM-LA)
942,95,GuidelineChartName,risperidone
943,95,LongActingFlag,"1"
944,95,LongActingFrequency,"14"
945,95,LabNamePattern,
946,95,StartDose,"25"
947,95,DailyLowDose,"25"
948,95,DailyHighDose,"50"
949,95,MaxDose,"50"
950,95,Unit,mg
951,95,ResponseTime,"28"
952,95,DrugFunction,antipsychotic
953,95,DurationOfAction,"14"
954,95,AMTGracePeriod,"7"
955,95,AdministrationMechanism,injection
956,95,AMTPercentResponseTime,"50"
957,95,AMTPercentDoseRange,"50"
958,66,GenericNamePattern,paliperidone
959,66,FormulationPattern,
960,66,AltNamePattern,
961,66,DisplayName,paliperidone (Ext Rel24)
962,66,GuidelineChartName,paliperidone
963,66,LabNamePattern,
964,66,StartDose,"6"
965,66,DailyLowDose,"6"
966,66,DailyHighDose,"12"
967,66,MaxDose,"12"
968,66,Unit,mg
969,66,ResponseTime,"28"
970,66,DrugFunction,antipsychotic
971,66,DurationOfAction,"1"
972,66,AMTGracePeriod,"7"
973,66,AdministrationMechanism,oral
974,66,AMTPercentResponseTime,"50"
975,66,AMTPercentDoseRange,"50"
976,96,GenericNamePattern,paliperidone palmitate
977,96,FormulationPattern,
978,96,AltNamePattern,
979,96,DisplayName,paliperidone palmitate (IM-LA)
980,96,GuidelineChartName,paliperidone
981,96,LongActingFlag,"1"
982,96,LongActingFrequency,"28"
983,96,LabNamePattern,
984,96,StartDose,"39"
985,96,DailyLowDose,"39"
986,96,DailyHighDose,"234"
987,96,MaxDose,"234"
988,96,Unit,mg
989,96,ResponseTime,"28"
990,96,DrugFunction,antipsychotic
991,96,DurationOfAction,"28"
992,96,AMTGracePeriod,"7"
993,96,AdministrationMechanism,injection
994,96,AMTPercentResponseTime,"50"
995,96,AMTPercentDoseRange,"50"
996,41,GenericNamePattern,ziprasidone hcl
997,41,FormulationPattern,
998,41,AltNamePattern,
999,41,DisplayName,ziprasidone hcl
1000,41,GuidelineChartName,ziprasidone
1001,41,LabNamePattern,
1002,41,StartDose,"40"
1003,41,DailyLowDose,"40"
1004,41,DailyHighDose,"160"
1005,41,MaxDose,"160"
1006,41,Unit,mg
1007,41,ResponseTime,"28"
1008,41,DrugFunction,antipsychotic
1009,41,DurationOfAction,"1"
1010,41,AMTGracePeriod,"7"
1011,41,AdministrationMechanism,oral
1012,41,AMTPercentResponseTime,"50"
1013,41,AMTPercentDoseRange,"50"
1014,67,GenericNamePattern,lurasidone
1015,67,FormulationPattern,
1016,67,AltNamePattern,
1017,67,DisplayName,lurasidone
1018,67,GuidelineChartName,lurasidone
1019,67,LabNamePattern,
1020,67,StartDose,"40"
1021,67,DailyLowDose,"40"
1022,67,DailyHighDose,"80"
1023,67,MaxDose,"80"
1024,67,Unit,mg
1025,67,ResponseTime,"28"
1026,67,DrugFunction,antipsychotic
1027,67,DurationOfAction,"1"
1028,67,AMTGracePeriod,"7"
1029,67,AdministrationMechanism,oral
1030,67,AMTPercentResponseTime,"50"
1031,67,AMTPercentDoseRange,"50"
1032,68,GenericNamePattern,asenapine
1033,68,FormulationPattern,
1034,68,AltNamePattern,
1035,68,DisplayName,asenapine (Sub Ling)
1036,68,GuidelineChartName,asenapine
1037,68,LabNamePattern,
1038,68,StartDose,"10"
1039,68,DailyLowDose,"10"
1040,68,DailyHighDose,"20"
1041,68,MaxDose,"20"
1042,68,Unit,mg
1043,68,ResponseTime,"28"
1044,68,DrugFunction,antipsychotic
1045,68,DurationOfAction,"1"
1046,68,AMTGracePeriod,"7"
1047,68,AdministrationMechanism,oral
1048,68,AMTPercentResponseTime,"50"
1049,68,AMTPercentDoseRange,"50"
1050,69,GenericNamePattern,iloperidone
1051,69,FormulationPattern,
1052,69,AltNamePattern,
1053,69,DisplayName,iloperidone
1054,69,GuidelineChartName,iloperidone
1055,69,LabNamePattern,
1056,69,StartDose,"2"
1057,69,DailyLowDose,"12"
1058,69,DailyHighDose,"24"
1059,69,MaxDose,"24"
1060,69,Unit,mg
1061,69,ResponseTime,"28"
1062,69,DrugFunction,antipsychotic
1063,69,DurationOfAction,"1"
1064,69,AMTGracePeriod,"7"
1065,69,AdministrationMechanism,oral
1066,69,AMTPercentResponseTime,"50"
1067,69,AMTPercentDoseRange,"50"
1068,97,GenericNamePattern,iloperidone
1069,97,FormulationPattern,.*pack.*
1070,97,AltNamePattern,
1071,97,DisplayName,iloperidone (Dose Pack)
1072,97,GuidelineChartName,iloperidone
1073,97,LabNamePattern,
1074,97,StartDose,"2"
1075,97,DailyLowDose,"12"
1076,97,DailyHighDose,"24"
1077,97,MaxDose,"24"
1078,97,Unit,mg
1079,97,ResponseTime,"28"
1080,97,DrugFunction,antipsychotic
1081,97,DurationOfAction,"1"
1082,97,AMTGracePeriod,"7"
1083,97,AdministrationMechanism,oral
1084,97,AMTPercentResponseTime,"50"
1085,97,AMTPercentDoseRange,"50"
1086,52,GenericNamePattern,clozapine
1087,52,FormulationPattern,
1088,52,AltNamePattern,
1089,52,DisplayName,clozapine
1090,52,GuidelineChartName,clozapine
1091,52,LabNamePattern,
1092,52,StartDose,"12.5"
1093,52,DailyLowDose,"100"
1094,52,DailyHighDose,"900"
1095,52,MaxDose,"900"
1096,52,Unit,mg
1097,52,ResponseTime,"84"
1098,52,DrugFunction,antipsychotic
1099,52,DurationOfAction,"1"
1100,52,AMTGracePeriod,"7"
1101,52,AdministrationMechanism,oral
1102,52,AMTPercentResponseTime,"50"
1103,52,AMTPercentDoseRange,"50"
1104,98,GenericNamePattern,clozapine
1105,98,FormulationPattern,.*rapid.*
1106,98,AltNamePattern,
1107,98,DisplayName,clozapine (Rap Dis)
1108,98,GuidelineChartName,clozapine
1109,98,LabNamePattern,
1110,98,StartDose,"12.5"
1111,98,DailyLowDose,"100"
1112,98,DailyHighDose,"900"
1113,98,MaxDose,"900"
1114,98,Unit,mg
1115,98,ResponseTime,"84"
1116,98,DrugFunction,antipsychotic
1117,98,DurationOfAction,"1"
1118,98,AMTGracePeriod,"7"
1119,98,AdministrationMechanism,oral
1120,98,AMTPercentResponseTime,"50"
1121,98,AMTPercentDoseRange,"50"
1122,27,GenericNamePattern,chlorpromazine
1123,27,FormulationPattern,
1124,27,AltNamePattern,
1125,27,DisplayName,chlorpromazine
1126,27,GuidelineChartName,chlorpromazine
1127,27,LabNamePattern,
1128,27,StartDose,"30"
1129,27,DailyLowDose,"75"
1130,27,DailyHighDose,"500"
1131,27,MaxDose,"1000"
1132,27,Unit,mg
1133,27,ResponseTime,"28"
1134,27,DrugFunction,antipsychotic
1135,27,DurationOfAction,"1"
1136,27,AMTGracePeriod,"7"
1137,27,AdministrationMechanism,oral
1138,27,AMTPercentResponseTime,"50"
1139,27,AMTPercentDoseRange,"50"
1140,28,GenericNamePattern,perphenazine
1141,28,FormulationPattern,
1142,28,AltNamePattern,
1143,28,DisplayName,perphenazine
1144,28,GuidelineChartName,perphenazine
1145,28,LabNamePattern,
1146,28,StartDose,"12"
1147,28,DailyLowDose,"12"
1148,28,DailyHighDose,"24"
1149,28,MaxDose,"24"
1150,28,Unit,mg
1151,28,ResponseTime,"28"
1152,28,DrugFunction,antipsychotic
1153,28,DurationOfAction,"1"
1154,28,AMTGracePeriod,"7"
1155,28,AdministrationMechanism,oral
1156,28,AMTPercentResponseTime,"50"
1157,28,AMTPercentDoseRange,"50"
1158,29,GenericNamePattern,fluphenazine hcl
1159,29,FormulationPattern,
1160,29,AltNamePattern,
1161,29,DisplayName,fluphenazine hcl
1162,29,GuidelineChartName,fluphenazine
1163,29,LabNamePattern,
1164,29,StartDose,"2.5"
1165,29,DailyLowDose,"2.5"
1166,29,DailyHighDose,"40"
1167,29,MaxDose,"40"
1168,29,Unit,mg
1169,29,ResponseTime,"28"
1170,29,DrugFunction,antipsychotic
1171,29,DurationOfAction,"1"
1172,29,AMTGracePeriod,"7"
1173,29,AdministrationMechanism,oral
1174,29,AMTPercentResponseTime,"50"
1175,29,AMTPercentDoseRange,"50"
1176,31,GenericNamePattern,fluphenazine decanoate
1177,31,FormulationPattern,
1178,31,AltNamePattern,
1179,31,DisplayName,fluphenazine decanoate (IM-LA)
1180,31,GuidelineChartName,fluphenazine
1181,31,LongActingFlag,"1"
1182,31,LongActingFrequency,"14"
1183,31,LabNamePattern,
1184,31,StartDose,"12.5"
1185,31,DailyLowDose,"6.25"
1186,31,DailyHighDose,"25"
1187,31,MaxDose,"25"
1188,31,Unit,Q 2-4 wks
1189,31,ResponseTime,"28"
1190,31,DrugFunction,antipsychotic
1191,31,DurationOfAction,"14"
1192,31,AMTGracePeriod,"7"
1193,31,AdministrationMechanism,injection
1194,31,AMTPercentResponseTime,"50"
1195,31,AMTPercentDoseRange,"50"
1196,30,GenericNamePattern,haloperidol
1197,30,FormulationPattern,
1198,30,AltNamePattern,
1199,30,DisplayName,haloperidol
1200,30,GuidelineChartName,haloperidol
1201,30,LabNamePattern,
1202,30,StartDose,"1"
1203,30,DailyLowDose,"1"
1204,30,DailyHighDose,"15"
1205,30,MaxDose,"100"
1206,30,Unit,mg
1207,30,ResponseTime,"28"
1208,30,DrugFunction,antipsychotic
1209,30,DurationOfAction,"1"
1210,30,AMTGracePeriod,"7"
1211,30,AdministrationMechanism,oral
1212,30,AMTPercentResponseTime,"50"
1213,30,AMTPercentDoseRange,"50"
1214,32,GenericNamePattern,haloperidol decanoate
1215,32,FormulationPattern,
1216,32,AltNamePattern,
1217,32,DisplayName,haloperidol decanoate (IM-LA)
1218,32,GuidelineChartName,haloperidol
1219,32,LabNamePattern,
1220,32,StartDose,"10"
1221,32,DailyLowDose,"25"
1222,32,DailyHighDose,"150"
1223,32,MaxDose,-
1224,32,Unit,Q 3-5 wks
1225,32,ResponseTime,"28"
1226,32,DrugFunction,antipsychotic
1227,32,DurationOfAction,"28"
1228,32,AMTGracePeriod,"7"
1229,32,AdministrationMechanism,injection
1230,32,AMTPercentResponseTime,"50"
1231,32,AMTPercentDoseRange,"50"
1232,55,GenericNamePattern,lamotrigine
1233,55,FormulationPattern,
1234,55,AltNamePattern,
1235,55,DisplayName,lamotrigine
1236,55,GuidelineChartName,lamotrigine
1237,55,LabNamePattern,
1238,55,StartDose,"25"
1239,55,DailyLowDose,"100"
1240,55,DailyHighDose,"400"
1241,55,MaxDose,"400"
1242,55,Unit,mg
1243,55,ResponseTime,"28"
1244,55,DrugFunction,mood stabilizer
1245,55,DurationOfAction,"1"
1246,55,AMTGracePeriod,"7"
1247,55,AdministrationMechanism,oral
1248,55,AMTPercentResponseTime,"50"
1249,55,AMTPercentDoseRange,"50"
1250,99,GenericNamePattern,lamotrigine
1251,99,FormulationPattern,.*rapid.*
1252,99,AltNamePattern,
1253,99,DisplayName,lamotrigine (Rap Dis)
1254,99,GuidelineChartName,lamotrigine
1255,99,LabNamePattern,
1256,99,StartDose,"25"
1257,99,DailyLowDose,"100"
1258,99,DailyHighDose,"400"
1259,99,MaxDose,"400"
1260,99,Unit,mg
1261,99,ResponseTime,"28"
1262,99,DrugFunction,mood stabilizer
1263,99,DurationOfAction,"1"
1264,99,AMTGracePeriod,"7"
1265,99,AdministrationMechanism,oral
1266,99,AMTPercentResponseTime,"50"
1267,99,AMTPercentDoseRange,"50"
1268,100,GenericNamePattern,lamotrigine
1269,100,FormulationPattern,.*extend.*
1270,100,AltNamePattern,
1271,100,DisplayName,lamotrigine (Ext Rel24)
1272,100,GuidelineChartName,lamotrigine
1273,100,LabNamePattern,
1274,100,StartDose,"25"
1275,100,DailyLowDose,"100"
1276,100,DailyHighDose,"400"
1277,100,MaxDose,"400"
1278,100,Unit,mg
1279,100,ResponseTime,"28"
1280,100,DrugFunction,mood stabilizer
1281,100,DurationOfAction,"1"
1282,100,AMTGracePeriod,"7"
1283,100,AdministrationMechanism,oral
1284,100,AMTPercentResponseTime,"50"
1285,100,AMTPercentDoseRange,"50"
1286,101,GenericNamePattern,lamotrigine
1287,101,FormulationPattern,.*dose.*
1288,101,AltNamePattern,
1289,101,DisplayName,lamotrigine (Dose Pack)
1290,101,GuidelineChartName,lamotrigine
1291,101,LabNamePattern,
1292,101,StartDose,"25"
1293,101,DailyLowDose,"100"
1294,101,DailyHighDose,"400"
1295,101,MaxDose,"400"
1296,101,Unit,mg
1297,101,ResponseTime,"28"
1298,101,DrugFunction,mood stabilizer
1299,101,DurationOfAction,"1"
1300,101,AMTGracePeriod,"7"
1301,101,AdministrationMechanism,oral
1302,101,AMTPercentResponseTime,"50"
1303,101,AMTPercentDoseRange,"50"
1304,102,GenericNamePattern,lamotrigine
1305,102,FormulationPattern,.*rapid.*dose.*
1306,102,AltNamePattern,
1307,102,DisplayName,lamotrigine (Rap Dis Dose Pack)
1308,102,GuidelineChartName,lamotrigine
1309,102,LabNamePattern,
1310,102,StartDose,"25"
1311,102,DailyLowDose,"100"
1312,102,DailyHighDose,"400"
1313,102,MaxDose,"400"
1314,102,Unit,mg
1315,102,ResponseTime,"28"
1316,102,DrugFunction,mood stabilizer
1317,102,DurationOfAction,"1"
1318,102,AMTGracePeriod,"7"
1319,102,AdministrationMechanism,oral
1320,102,AMTPercentResponseTime,"50"
1321,102,AMTPercentDoseRange,"50"
1322,103,GenericNamePattern,lamotrigine
1323,103,FormulationPattern,.*extend.*dose.*
1324,103,AltNamePattern,
1325,103,DisplayName,lamotrigine (Ext Rel24 Dose Pack)
1326,103,GuidelineChartName,lamotrigine
1327,103,LabNamePattern,
1328,103,StartDose,"25"
1329,103,DailyLowDose,"100"
1330,103,DailyHighDose,"400"
1331,103,MaxDose,"400"
1332,103,Unit,mg
1333,103,ResponseTime,"28"
1334,103,DrugFunction,mood stabilizer
1335,103,DurationOfAction,"1"
1336,103,AMTGracePeriod,"7"
1337,103,AdministrationMechanism,oral
1338,103,AMTPercentResponseTime,"50"
1339,103,AMTPercentDoseRange,"50"
1340,56,GenericNamePattern,lithium carbonate
1341,56,FormulationPattern,
1342,56,AltNamePattern,
1343,56,DisplayName,lithium carbonate
1344,56,GuidelineChartName,lithium
1345,56,LabNamePattern,lithium
1346,56,StartDose,"600"
1347,56,DailyLowDose,"900"
1348,56,DailyHighDose,"1200"
1349,56,SerumLevelLow,"0.6"
1350,56,SerumLevelHigh,"1.2"
1351,56,SerumLevelUnit,mEq/L
1352,56,MaxDose,"1800"
1353,56,Unit,mg
1354,56,ResponseTime,"28"
1355,56,DrugFunction,mood stabilizer
1356,56,DurationOfAction,"1"
1357,56,AMTGracePeriod,"7"
1358,56,AdministrationMechanism,oral
1359,56,AMTPercentResponseTime,"50"
1360,56,AMTPercentDoseRange,"50"
1361,104,GenericNamePattern,lithium carbonate
1362,104,FormulationPattern,.*release.*
1363,104,AltNamePattern,
1364,104,DisplayName,lithium carbonate
1365,104,GuidelineChartName,lithium
1366,104,LabNamePattern,lithium
1367,104,StartDose,"600"
1368,104,DailyLowDose,"900"
1369,104,DailyHighDose,"1200"
1370,104,SerumLevelLow,"0.6"
1371,104,SerumLevelHigh,"1.2"
1372,104,SerumLevelUnit,mEq/L
1373,104,MaxDose,"1800"
1374,104,Unit,mg
1375,104,ResponseTime,"28"
1376,104,DrugFunction,mood stabilizer
1377,104,DurationOfAction,"1"
1378,104,AMTGracePeriod,"7"
1379,104,AdministrationMechanism,oral
1380,104,AMTPercentResponseTime,"50"
1381,104,AMTPercentDoseRange,"50"
1382,57,GenericNamePattern,divalproex
1383,57,FormulationPattern,
1384,57,AltNamePattern,
1385,57,DisplayName,divalproex
1386,57,GuidelineChartName,divalproex
1387,57,LabNamePattern,divalproex
1388,57,StartDose,"15mg/Kg"
1389,57,DailyLowDose,
1390,57,DailyHighDose,
1391,57,SerumLevelLow,"50"
1392,57,SerumLevelHigh,"100"
1393,57,SerumLevelUnit,mcg/mL
1394,57,MaxDose,"60mg/Kg"
1395,57,Unit,mg
1396,57,ResponseTime,"28"
1397,57,DrugFunction,mood stabilizer
1398,57,DurationOfAction,"1"
1399,57,AMTGracePeriod,"7"
1400,57,AdministrationMechanism,oral
1401,57,AMTPercentResponseTime,"50"
1402,57,AMTPercentDoseRange,"50"
1403,105,GenericNamePattern,divalproex
1404,105,FormulationPattern,.*delay.*
1405,105,AltNamePattern,
1406,105,DisplayName,divalproex (Del Rel EC)
1407,105,GuidelineChartName,divalproex
1408,105,LabNamePattern,divalproex
1409,105,StartDose,"750"
1410,105,DailyLowDose,
1411,105,DailyHighDose,
1412,105,SerumLevelLow,"50"
1413,105,SerumLevelHigh,"100"
1414,105,SerumLevelUnit,mcg/mL
1415,105,MaxDose,"60mg/Kg"
1416,105,Unit,mg
1417,105,ResponseTime,"28"
1418,105,DrugFunction,mood stabilizer
1419,105,DurationOfAction,"1"
1420,105,AMTGracePeriod,"7"
1421,105,AdministrationMechanism,oral
1422,105,AMTPercentResponseTime,"50"
1423,105,AMTPercentDoseRange,"50"
1424,106,GenericNamePattern,divalproex
1425,106,FormulationPattern,.*extend.*
1426,106,AltNamePattern,
1427,106,DisplayName,divalproex (Ext Rel24)
1428,106,GuidelineChartName,divalproex
1429,106,LabNamePattern,divalproex
1430,106,StartDose,"25mg/Kg"
1431,106,DailyLowDose,
1432,106,DailyHighDose,
1433,106,SerumLevelLow,"85"
1434,106,SerumLevelHigh,"125"
1435,106,SerumLevelUnit,mcg/mL
1436,106,MaxDose,"60mg/Kg"
1437,106,Unit,mg
1438,106,ResponseTime,"28"
1439,106,DrugFunction,mood stabilizer
1440,106,DurationOfAction,"1"
1441,106,AMTGracePeriod,"7"
1442,106,AdministrationMechanism,oral
1443,106,AMTPercentResponseTime,"50"
1444,106,AMTPercentDoseRange,"50"
1445,54,GenericNamePattern,carbamazepine
1446,54,FormulationPattern,
1447,54,AltNamePattern,
1448,54,DisplayName,carbamazepine
1449,54,GuidelineChartName,carbamazepine
1450,54,LabNamePattern,carbamazepine
1451,54,StartDose,"400"
1452,54,DailyLowDose,"800"
1453,54,DailyHighDose,"1200"
1454,54,SerumLevelLow,"6"
1455,54,SerumLevelHigh,"10"
1456,54,SerumLevelUnit,mcg/mL
1457,54,MaxDose,"1200"
1458,54,Unit,mg
1459,54,ResponseTime,"28"
1460,54,DrugFunction,mood stabilizer
1461,54,DurationOfAction,"1"
1462,54,AMTGracePeriod,"7"
1463,54,AdministrationMechanism,oral
1464,54,AMTPercentResponseTime,"50"
1465,54,AMTPercentDoseRange,"50"
1466,107,GenericNamePattern,carbamazepine
1467,107,FormulationPattern,.*multi.*
1468,107,AltNamePattern,
1469,107,DisplayName,carbamazepine (Multi 12hr)
1470,107,GuidelineChartName,carbamazepine
1471,107,LabNamePattern,carbamazepine
1472,107,StartDose,"400"
1473,107,DailyLowDose,"800"
1474,107,DailyHighDose,"1200"
1475,107,SerumLevelLow,"6"
1476,107,SerumLevelHigh,"10"
1477,107,SerumLevelUnit,mcg/mL
1478,107,MaxDose,"1200"
1479,107,Unit,mg
1480,107,ResponseTime,"28"
1481,107,DrugFunction,mood stabilizer
1482,107,DurationOfAction,"1"
1483,107,AMTGracePeriod,"7"
1484,107,AdministrationMechanism,oral
1485,107,AMTPercentResponseTime,"50"
1486,107,AMTPercentDoseRange,"50"
1487,108,GenericNamePattern,carbamazepine
1488,108,FormulationPattern,.*extend.*
1489,108,AltNamePattern,
1490,108,DisplayName,carbamazepine (Ext Rel12)
1491,108,GuidelineChartName,carbamazepine
1492,108,LabNamePattern,carbamazepine
1493,108,StartDose,"400"
1494,108,DailyLowDose,"800"
1495,108,DailyHighDose,"1200"
1496,108,SerumLevelLow,"6"
1497,108,SerumLevelHigh,"10"
1498,108,SerumLevelUnit,mcg/mL
1499,108,MaxDose,"1200"
1500,108,Unit,mg
1501,108,ResponseTime,"28"
1502,108,DrugFunction,mood stabilizer
1503,108,DurationOfAction,"1"
1504,108,AMTGracePeriod,"7"
1505,108,AdministrationMechanism,oral
1506,108,AMTPercentResponseTime,"50"
1507,108,AMTPercentDoseRange,"50"
1508,59,GenericNamePattern,buspirone
1509,59,FormulationPattern,
1510,59,AltNamePattern,
1511,59,DisplayName,buspirone
1512,59,GuidelineChartName,buspirone
1513,59,LabNamePattern,
1514,59,StartDose,"15"
1515,59,DailyLowDose,"20"
1516,59,DailyHighDose,"30"
1517,59,MaxDose,"60"
1518,59,Unit,mg
1519,59,ResponseTime,"28"
1520,59,DrugFunction,antianxiety
1521,59,DurationOfAction,"1"
1522,59,AMTGracePeriod,"7"
1523,59,AdministrationMechanism,oral
1524,59,AMTPercentResponseTime,"50"
1525,59,AMTPercentDoseRange,"50"
1526,60,GenericNamePattern,liothyronine
1527,60,FormulationPattern,
1528,60,AltNamePattern,
1529,60,DisplayName,liothyronine
1530,60,GuidelineChartName,liothyronine
1531,60,LabNamePattern,
1532,60,StartDose,"25"
1533,60,DailyLowDose,"25"
1534,60,DailyHighDose,"75"
1535,60,MaxDose,"75"
1536,60,Unit,mcg
1537,60,ResponseTime,"28"
1538,60,DrugFunction,hormone
1539,60,DurationOfAction,"1"
1540,60,AMTGracePeriod,"7"
1541,60,AdministrationMechanism,oral
1542,60,AMTPercentResponseTime,"50"
1543,60,AMTPercentDoseRange,"50"
1544,73,GenericNamePattern,olanzapine-fluoxetine
1545,73,FormulationPattern,
1546,73,AltNamePattern,
1547,73,DisplayName,
1548,73,GuidelineChartName,
1549,73,LabNamePattern,
1550,73,Unit,mg
1551,73,ResponseTime,"28"
1552,73,DrugFunction,combination
1553,73,DurationOfAction,"1"
1554,73,AMTGracePeriod,"7"
1555,73,AdministrationMechanism,oral
1556,109,GenericNamePattern,perphenazine-amitriptyline
1557,109,FormulationPattern,
1558,109,AltNamePattern,
1559,109,DisplayName,
1560,109,GuidelineChartName,
1561,109,LabNamePattern,
1562,109,Unit,mg
1563,109,ResponseTime,"28"
1564,109,DrugFunction,combination
1565,109,DurationOfAction,"1"
1566,109,AMTGracePeriod,"7"
1567,109,AdministrationMechanism,oral
1568,32,LongActingFrequency,"28"
1569,32,SerumLevelLow,
1570,32,MDDDailyLowDose,
1571,32,MDDDailyHighDose,
1572,32,SerumLevelHigh,
1573,32,SerumLevelUnit,
1574,32,MDDStartDose,
1575,32,LongActingFlag,"1"
